movie name,imdb name,year,description,trailer link,movie id,imdb score,rotten score,cinema score,user score
Hobbs and Shaw,Fast & Furious Presents: Hobbs & Shaw,2019,"Fast & Furious Presents: Hobbs & Shaw is a movie starring Dwayne Johnson, Jason Statham, and Idris Elba. Lawman Luke Hobbs and outcast Deckard Shaw form an unlikely alliance when a cyber-genetically enhanced villain threatens the...",https://www.imdb.com/video/imdb/vi3698310169,tt6806448,6.9,66,-1,NA
Joan The Maid,NA,2019,NA,NA,NA,-1,,-1,NA
Leo Da Vinci: Mission Mona Lisa,NA,2019,NA,NA,NA,-1,33,-1,NA
"Love, Antosha","Love, Antosha",2019,"Love, Antosha is a movie starring Anton Yelchin, J.J. Abrams, and Sofia Boutella. A portrait of the extraordinary life and career of actor Anton Yelchin.",https://www.imdb.com/video/imdb/vi4130520089,tt9351746,9.0,100,-1,NA
Luce,Luce,2019,"Luce is a movie starring Naomi Watts, Octavia Spencer, and Tim Roth. A married couple is forced to reckon with their idealized image of their son, adopted from war-torn Eritrea, after an alarming discovery by a devoted high school...",https://www.imdb.com/video/imdb/vi348830745,tt7616148,6.9,92,-1,NA
Piranhas,La paranza dei bambini,2019,"La paranza dei bambini is a movie starring Francesco Di Napoli, Viviana Aprea, and Mattia Piano Del Balzo. A gang of teenage boys stalk the streets of Naples armed with hand guns and AK-47s to do their mob bosses' bidding.",https://www.imdb.com/video/imdb/vi469809689,tt8740778,6.6,52,-1,NA
Tel Aviv On Fire,NA,2019,NA,NA,NA,-1,91,-1,NA
The Nightingale,NA,2019,NA,NA,NA,-1,83,-1,NA
Them That Follow,Them That Follow,2019,"Them That Follow is a movie starring Walton Goggins, Olivia Colman, and Kaitlyn Dever. Set deep in the wilds of Appalachia, where believers handle death-dealing snakes to prove themselves before God, Them That Follow tells the story...",https://www.imdb.com/video/imdb/vi4224498713,tt7313348,5.5,63,-1,NA
After the Wedding,After the Wedding,2019,"After the Wedding is a movie starring Michelle Williams, Julianne Moore, and Billy Crudup. A manager of an orphanage in Kolkata travels to New York to meet a benefactor.",https://www.imdb.com/video/imdb/vi1540209689,tt7985692,5.2,47,-1,NA
Brian Banks,NA,2019,NA,NA,NA,-1,55,-1,NA
Dora and the Lost City of Gold,Dora and the Lost City of Gold,2019,"Dora and the Lost City of Gold is a movie starring Isabela Moner, Eugenio Derbez, and Michael Peña. Dora, a teenage explorer, leads her friends on an adventure to save her parents and solve the mystery behind a lost city of gold.",https://www.imdb.com/video/imdb/vi2954542105,tt7547410,5.8,80,A,NA
ECCO,ECCO,2019,"ECCO is a movie starring Lathrop Walker, Tabitha Bastien, and Helena Grace Donald. A former assassin living a new life in the shadows with his family emerges from hiding to discover the origin of his lethal beginnings.",https://www.imdb.com/video/imdb/vi268549145,tt10443252,7.4,,-1,NA
Ode To Joy,Ode to Joy,2019,"Ode to Joy is a movie starring Jake Lacy, Morena Baccarin, and Melissa Rauch. Charlie suffers from cataplexy, a symptom of narcolepsy that causes sudden bouts of paralysis whenever he experiences strong emotions -- in particular,...",https://www.imdb.com/video/imdb/vi3525164057,tt3009772,6.1,47,-1,NA
One Child Nation,Born in China,2019,"Born in China is a movie starring Peng Wang. After becoming a mother, a filmmaker uncovers the untold history of China's one-child policy and the generations of parents and children forever shaped by this social experiment.",https://www.imdb.com/video/imdb/vi449166361,tt8923482,7.5,98,-1,NA
Scary Stories to Tell in the Dark,Scary Stories to Tell in the Dark,2019,"Scary Stories to Tell in the Dark is a movie starring Zoe Margaret Colletti, Michael Garza, and Gabriel Rush. A group of teens face their fears in order to save their lives.",https://www.imdb.com/video/imdb/vi23510041,tt3387520,6.6,81,C,NA
The Art of Racing in the Rain,The Art of Racing in the Rain,2019,"The Art of Racing in the Rain is a movie starring Milo Ventimiglia, Amanda Seyfried, and Kevin Costner. Through his bond with his owner, aspiring Formula One race car driver Denny, golden retriever Enzo learns that the techniques...",https://www.imdb.com/video/imdb/vi483769369,tt1478839,7.3,43,-1,NA
The Bravest,Lie huo ying xiong,2019,"Lie huo ying xiong is a movie starring Xiaoming Huang, Jiang Du, and Zhuo Tan. Chinese firefighters struggle to contain a huge fire after an oil pipeline explodes.",NA,tt10218674,6.0,,-1,NA
The Kitchen,The Kitchen,2019,"The Kitchen is a movie starring Melissa McCarthy, Tiffany Haddish, and Elisabeth Moss. The wives of New York gangsters in Hell's Kitchen in the 1970s continue to operate their husbands' rackets after they're locked up in prison.",https://www.imdb.com/video/imdb/vi1610923033,tt5822564,5.2,22,-1,NA
The Peanut Butter Falcon,The Peanut Butter Falcon,2019,"The Peanut Butter Falcon is a movie starring Shia LaBeouf, Dakota Johnson, and Zack Gottsagen. Zak runs away from his care home to make his dream of becoming a wrestler come true.",https://www.imdb.com/video/imdb/vi2636364825,tt4364194,7.3,96,-1,NA
Angry Birds 2,The Angry Birds Movie 2,2019,"The Angry Birds Movie 2 is a movie starring Jason Sudeikis, Josh Gad, and Leslie Jones. The flightless birds and scheming green pigs take their feud to the next level.",https://www.imdb.com/video/imdb/vi2958933017,tt6095472,6.5,71,-1,NA
Birds Without Feathers,NA,2019,NA,NA,NA,-1,,-1,NA
Blinded By The Light,Blinded by the Light,2019,"Blinded by the Light is a movie starring Viveik Kalra, Kulvinder Ghir, and Meera Ganatra. In 1987 during the austere days of Thatcher's Britain, a teenager learns to live life, understand his family and find his own voice through...",https://www.imdb.com/video/imdb/vi2113518617,tt8266310,6.4,94,-1,NA
47 Meters Down: Uncaged,47 Meters Down: Uncaged,2019,"47 Meters Down: Uncaged is a movie starring Sistine Rose Stallone, Nia Long, and Corinne Foxx. Four teen girls diving in a ruined underwater city quickly learn they've entered the territory of the deadliest shark species in the...",https://www.imdb.com/video/imdb/vi1505868825,tt7329656,0,,-1,NA
Aquarela,The Aquarium,2019,NA,NA,tt9780390,9.0,100,-1,NA
Cold Case HammarskjÃ¶ld,Cold Case Hammarskjöld,2019,"Cold Case Hammarskjöld is a movie starring Mads Brügger, Göran Björkdahl, and Dag Hammarskjöld. Danish director Mads Brügger and Swedish private investigator Göran Björkdahl are trying to solve the mysterious death of Dag...",https://www.imdb.com/video/imdb/vi2838281241,tt9352780,8.2,,-1,NA
End of the Century,Fin de siglo,2019,"Fin de siglo is a movie starring Juan Barberini, Ramon Pujol, and Mía Maestro. Two men meet in Barcelona and after spending a day together they realize that they have already met twenty years ago.",https://www.imdb.com/video/imdb/vi201767961,tt9845398,7.5,100,-1,NA
Good Boys,Good Boys,2019,"Good Boys is a movie starring Jacob Tremblay, Keith L. Williams, and Brady Noon. Three sixth grade boys ditch school and embark on an epic journey while carrying accidentally stolen drugs, being hunted by teenage girls, and trying...",https://www.imdb.com/video/imdb/vi3207773209,tt7343762,5.6,83,-1,NA
"Where'd You Go, Bernadette","Where'd You Go, Bernadette",2019,"Where'd You Go, Bernadette is a movie starring Cate Blanchett, Judy Greer, and Kristen Wiig. A loving mom becomes compelled to reconnect with her creative passions after years of sacrificing herself for her family. Her leap of faith...",https://www.imdb.com/video/imdb/vi2078784537,tt2365580,0,,-1,NA
Ready Or Not,Ready or Not,2019,"Ready or Not is a movie starring Samara Weaving, Adam Brody, and Mark O'Brien. A bride's wedding night takes a sinister turn when her eccentric new in-laws force her to take part in a terrifying game.",NA,tt7798634,6.5,100,-1,NA
Angel Has Fallen,Angel Has Fallen,2019,"Angel Has Fallen is a movie starring Gerard Butler, Morgan Freeman, and Piper Perabo. Secret Service Agent Mike Banning is framed for the attempted assassination of the President and must evade his own agency and the FBI as he tries...",https://www.imdb.com/video/imdb/vi1869200409,tt6189022,0,,-1,NA
Brittany Runs a Marathon,Brittany Runs a Marathon,2019,"Brittany Runs a Marathon is a movie starring Jillian Bell, Jennifer Dundas, and Patch Darragh. A woman living in New York takes control of her life- one block at a time.",https://www.imdb.com/video/imdb/vi1396947993,tt7671064,5.8,92,-1,NA
Fiddler A Miracle of Miracles,Fiddler: A Miracle of Miracles,2019,"Fiddler: A Miracle of Miracles is a movie starring Michael Bernardi, Sheldon Harnick, and Fran Lebowitz. The origin story behind one of Broadway's most beloved musicals, Fiddler on The Roof, and its creative roots in early 1960s New...",https://www.imdb.com/video/imdb/vi2570632217,tt10003978,0,,-1,NA
Give Me Liberty,Give Me Liberty,2019,"Give Me Liberty is a movie starring Lauren 'Lolo' Spencer, Chris Galust, and Maxim Stoyanov. In this freewheeling comedy, medical transport driver Vic risks his job to shuttle a group of rowdy seniors and a Russian boxer to a...",https://www.imdb.com/video/imdb/vi945536025,tt4169146,7.2,92,-1,NA
Miles Davis: Birth of the Cool,Miles Davis: Birth of the Cool,2019,"Miles Davis: Birth of the Cool is a movie starring Ron Carter, Jimmy Cobb, and Miles Davis. Miles Davis: Horn player, bandleader, innovator. Miles was a singular force of nature, the very embodiment of cool. The central theme of...",NA,tt9358200,7.5,100,-1,NA
Overcomer,Overcomer,2019,"Overcomer is a movie starring Alex Kendrick, Kendrick Cross, and Holly A. Morris. This movie will unpack a pivotal issue in the life of students and adults alike.",https://www.imdb.com/video/imdb/vi864795673,tt8186318,0,,-1,NA
Before You Know It,Before You Know It,2019,"Before You Know It is a movie starring Linda Arroz, Alec Baldwin, and Ben Becher. A pair of sisters find out that the mother they thought was dead is alive and starring on a soap opera.",NA,tt8856090,6.4,92,-1,NA
Bennett's War,Bennett's War,2019,"Bennett's War is a movie starring Michael Roark, Trace Adkins, and Ali Afshar. After surviving an IED explosion in combat overseas, a young soldier with the Army Motorcycle Unit is medically discharged with a broken back and leg....",https://www.imdb.com/video/imdb/vi486652953,tt7370952,0,,-1,NA
Don't Let Go,Don't Let Go,2019,"Don't Let Go is a movie starring Byron Mann, Storm Reid, and Mykelti Williamson. After a man's family dies in what appears to be a murder, he gets a phone call from one of the dead, his niece. He's not sure if she's a ghost or if...",https://www.imdb.com/video/imdb/vi2567224345,tt6803212,6.3,,-1,NA
Official Secrets,Official Secrets,2019,"Official Secrets is a movie starring Keira Knightley, Matthew Goode, and Ralph Fiennes. The true story of a British whistleblower who leaked information to the press about an illegal NSA spy operation designed to push the UN...",https://www.imdb.com/video/imdb/vi4129995801,tt5431890,6.3,69,-1,NA
Raise Hell: The Life &amp; Times of Molly Ivins,Raise Hell: The Life & Times of Molly Ivins,2019,"Raise Hell: The Life & Times of Molly Ivins is a movie starring Harold Cook, Andy Ivins, and Margo Johnston. RAISE HELL: The Life & Times of Molly Ivins tells the story of media firebrand Molly Ivins, six feet of Texas trouble who...",NA,tt9129296,8.4,,-1,NA
The Matrix 20th Anniversary,NA,2019,NA,NA,NA,-1,,-1,NA
Todos Caen,Todos Cambiamos,2019,NA,NA,tt10523404,0,,-1,NA
It Chapter 2,It Chapter Two,2019,"It Chapter Two is a movie starring Bill Skarsgård, Finn Wolfhard, and Jessica Chastain. Twenty-seven years after their first encounter with the terrifying Pennywise, the Losers Club have grown up and moved away, until a devastating...",https://www.imdb.com/video/imdb/vi962640921,tt7349950,0,,-1,NA
Linda Ronstadt: The Sound of My Voice,Linda Ronstadt: The Sound of My Voice,2019,"Linda Ronstadt: The Sound of My Voice is a movie starring Linda Ronstadt, Bonnie Raitt, and Dolly Parton. With one of the most memorably stunning voices that has ever hit the airwaves, Linda Ronstadt burst onto the 1960s folk rock...",https://www.imdb.com/video/imdb/vi2171190297,tt10011448,9.4,75,-1,NA
Ms. Purple,Ms. Purple,2019,"Ms. Purple is a movie starring Jake Choi, Alfredo Tavares, and Mark Krenik. A young woman who works as a karaoke hostess in Koreatown reconnects with her estranged brother in the final days of their father's life.",https://www.imdb.com/video/imdb/vi1818868761,tt7983890,7.7,,-1,NA
"Say Amen, Somebody",NA,2019,NA,NA,NA,-1,86,-1,NA
Freaks,NA,2019,NA,NA,NA,-1,88,B-,NA
Hustlers,Hustlers,2019,"Hustlers is a movie starring Constance Wu, Jennifer Lopez, and Julia Stiles. Inspired by the viral New York Magazine article, Hustlers follows a crew of savvy former strip club employees who band together to turn the tables on their...",https://www.imdb.com/video/imdb/vi4093951001,tt5503686,0,,-1,NA
Monos,Monos,2019,"Monos is a movie starring Sofia Buenaventura, Julian Giraldo, and Karen Quintero. On a faraway mountaintop, eight kids with guns watch over a hostage and a conscripted milk cow.",https://www.imdb.com/video/imdb/vi2466561049,tt6062774,7.5,,-1,NA
The Goldfinch,The Goldfinch,2019,"The Goldfinch is a movie starring Finn Wolfhard, Nicole Kidman, and Sarah Paulson. A boy in New York is taken in by a wealthy Upper East Side family after his mother is killed in a bombing at the Metropolitan Museum of Art.",https://www.imdb.com/video/imdb/vi1449638937,tt3864056,0,,-1,NA
Ad Astra,Ad Astra,2019,"Ad Astra is a movie starring Brad Pitt, Liv Tyler, and Ruth Negga. An astronaut travels to the outer edges of the solar system to find his father and unravel a mystery that threatens the survival of our planet. He uncovers secrets...",https://www.imdb.com/video/imdb/vi325106713,tt2935510,0,,-1,NA
Downton Abbey,Downton Abbey,2019,"Downton Abbey is a movie starring Matthew Goode, Tuppence Middleton, and Maggie Smith. The continuing story of the Crawley family, wealthy owners of a large estate in the English countryside in the early 20th century.",https://www.imdb.com/video/imdb/vi232176665,tt6398184,0,,-1,NA
Loro,Lorong,2019,"Lorong is a movie starring Winky Wiryawan, Prisia Nasution, and Nova Eliza. Waking up after giving birth, Mayang gets the news unlike what she expects from Reza, her husband: their first baby has died. Both of them are experiencing...",NA,tt10643906,0,83,B-,NA
Rambo 5 Last Blood,Rambo: Last Blood,2019,"Rambo: Last Blood is a movie starring Sylvester Stallone, Paz Vega, and Óscar Jaenada. Rambo must confront his past and unearth his ruthless combat skills to exact revenge in a final mission.",https://www.imdb.com/video/imdb/vi3905076249,tt1206885,0,,-1,NA
Where's My Roy Cohn?,Where's My Roy Cohn?,2019,"Where's My Roy Cohn? is a movie starring Roy M. Cohn, Roger Stone, and Barbara Walters. Roy Cohn personified the dark arts of American politics, turning empty vessels into dangerous demagogues - from Joseph McCarthy to his final...",https://www.imdb.com/video/imdb/vi3563109401,tt7193362,5.5,71,-1,NA
Abominable,Abominable,2019,"Abominable is a movie starring Albert Tsai, Chloe Bennet, and Sarah Paulson. A magical Yeti must return to his family.",https://www.imdb.com/video/imdb/vi3789077529,tt6324278,0,,-1,NA
First Love,My First First Love,2019,"My First First Love is a TV series starring Michelle Fang, Choi Ri, and Chae-Yeon Jung. The story of college students and their realization of first love as they meet new friends.",https://www.imdb.com/video/imdb/vi3976379417,tt8995604,7.6,100,-1,NA
Judy,Judy,2019,"Judy is a movie starring Renée Zellweger, Jessie Buckley, and Rufus Sewell. Legendary performer Judy Garland arrives in London in the winter of 1968 to perform a series of sold-out concerts.",https://www.imdb.com/video/imdb/vi2484714521,tt7549996,0,,B+,NA
The Hunt,The Hunting,2019,"The Hunting is a TV mini-series starring Sam Reid, Jessica De Gouw, and Kavitha Anandasivam. When two high school teachers discover students are sharing explicit photos of their underage friends and peers online, the revelation has...",NA,tt9690214,6.4,,B,NA
The Report,The Report,2019,"The Report is a movie starring Adam Driver, Corey Stoll, and Evander Duck Jr.. In the aftermath of the 9/11 attacks, CIA agents begin using extreme interrogation tactics on those they think were behind it.",NA,tt8236336,7.4,94,-1,NA
Joker,Joker,2019,"Joker is a movie starring Robert De Niro, Joaquin Phoenix, and Zazie Beetz. An original standalone origin story of the iconic villain not seen before on the big screen, it's a gritty character study of Arthur Fleck, a man...",https://www.imdb.com/video/imdb/vi2883960089,tt7286456,0,,-1,NA
Low Tide,Low Tide,2019,"Low Tide is a movie starring Jaeden Martell, Keean Johnson, and Shea Whigham. Alan, Red, and Smitty spend high summer on the Jersey Shore roving the boardwalk and getting into trouble. But the discovery of good old fashioned...",NA,tt7434324,8.5,,-1,NA
Lucy In The Sky,Lucy in the Sky,2019,"Lucy in the Sky is a movie starring Natalie Portman, Dan Stevens, and Jon Hamm. Astronaut Lucy Cola returns to Earth after a transcendent experience during a mission to space, and begins to lose touch with reality in a world that...",https://www.imdb.com/video/imdb/vi2884812057,tt4682804,0,,-1,NA
Pain and Glory,Dolor y gloria,2019,"Dolor y gloria is a movie starring Antonio Banderas, Asier Etxeandia, and Leonardo Sbaraglia. A film director reflects on the choices he's made in life as past and present come crashing down around him.",https://www.imdb.com/video/imdb/vi2354953241,tt8291806,7.8,92,-1,NA
The Current War,NA,2019,NA,NA,NA,-1,32,-1,NA
Gemini Man,Gemini Man,2019,"Gemini Man is a movie starring Will Smith, Mary Elizabeth Winstead, and Clive Owen. An over-the-hill hitman faces off against a younger clone of himself.",https://www.imdb.com/video/imdb/vi2993208345,tt1025100,0,,-1,NA
Parasite,Gisaengchung,2019,"Gisaengchung is a movie starring Kang-ho Song, Sun-kyun Lee, and Yeo-jeong Jo. All unemployed, Ki-taek's family takes peculiar interest in the wealthy and glamorous Parks for their livelihood until they get entangled in an...",https://www.imdb.com/video/imdb/vi3358047513,tt6751668,8.6,100,-1,NA
The Addams Family (2019),The Addams Family,2019,"The Addams Family is a movie starring Charlize Theron, Finn Wolfhard, and Mikey Madison. An animated version of Charles Addams' series of cartoons about a peculiar, ghoulish family.",https://www.imdb.com/video/imdb/vi3428563993,tt1620981,0,,-1,NA
JoJo Rabbit,Jojo Rabbit,2019,"Jojo Rabbit is a movie starring Roman Griffin Davis, Thomasin McKenzie, and Taika Waititi. A young boy in Hitler's army finds out his mother is hiding a Jewish girl in their home.",https://www.imdb.com/video/imdb/vi761707545,tt2584384,0,,-1,NA
Maleficent 2,Maleficent: Mistress of Evil,2019,"Maleficent: Mistress of Evil is a movie starring Teresa Mahoney, Angelina Jolie, and Chiwetel Ejiofor. Maleficent and her goddaughter Aurora begin to question the complex family ties that bind them as they are pulled in different...",https://www.imdb.com/video/imdb/vi2618932249,tt4777008,0,,-1,NA
The Lighthouse,The Lighthouse,2019,"The Lighthouse is a movie starring Willem Dafoe, Robert Pattinson, and Valeriia Karaman. The story of two lighthouse keepers on a remote and mysterious New England island in the 1890s.",https://www.imdb.com/video/imdb/vi2473573401,tt7984734,8.1,98,-1,NA
Zombieland 2,Zombieland: Double Tap,2019,"Zombieland: Double Tap is a movie starring Emma Stone, Abigail Breslin, and Zoey Deutch. Columbus, Tallahasse, Wichita, and Little Rock move to the American heartland as they face off against evolved zombies, fellow survivors, and...",https://www.imdb.com/video/imdb/vi1969863705,tt1560220,0,,-1,NA
Black and Blue,Black and Blue,2019,"Black and Blue is a movie starring Frank Grillo, Naomie Harris, and Tyrese Gibson. 'Black and Blue' is an action thriller about a rookie cop (Naomie Harris) who inadvertently captures the murder of a young drug dealer on her body...",https://www.imdb.com/video/imdb/vi2955394073,tt7390646,0,,-1,NA
Countdown,Countdown,2019,"Countdown is a movie starring Anne Winters, Peter Facinelli, and Elizabeth Lail. Plot unknown.",NA,tt10039344,0,,-1,NA
Frankie,NA,2019,NA,NA,NA,-1,65,B+,NA
The Last Full Measure,The Last Full Measure,2019,"The Last Full Measure is a movie starring Bradley Whitford, Samuel L. Jackson, and Sebastian Stan. Thirty-four years after his death, Airman William H. Pitsenbarger, Jr. (""Pits"") is awarded the nation's highest military honor, for...",NA,tt0783640,8.0,,-1,NA
Burden,NA,2019,NA,NA,NA,-1,54,C,NA
Harriet,Harriet,2019,"Harriet is a movie starring Joe Alwyn, Cynthia Erivo, and Janelle Monáe. The extraordinary tale of Harriet Tubman's escape from slavery and transformation into one of America's greatest heroes, whose courage, ingenuity, and tenacity...",https://www.imdb.com/video/imdb/vi3345333273,tt4648786,0,,B+,NA
Motherless Brooklyn,Motherless Brooklyn,2019,"Motherless Brooklyn is a movie starring Bruce Willis, Edward Norton, and Michael Kenneth Williams. Set against the backdrop of 1950s New York, Motherless Brooklyn follows Lionel Essrog, a lonely private detective afflicted with...",NA,tt0385887,0,,-1,NA
Terminator Dark Fate,Terminator: Dark Fate,2019,"Terminator: Dark Fate is a movie starring Arnold Schwarzenegger, Edward Furlong, and Mackenzie Davis. Sarah Connor has returned from far away, and she's gearing up with a team of agents who will fight against T-1000.",https://www.imdb.com/video/imdb/vi1272560665,tt6450804,0,,-1,NA
Arctic Dogs,Arctic Justice,2019,"Arctic Justice is a movie starring Jeremy Renner, James Franco, and Michael Madsen. Swifty the Arctic Fox works in the mailroom of the Arctic Blast Delivery Service but dreams of one day becoming a Top Dog (the Arctic's star husky...",https://www.imdb.com/video/imdb/vi4145331225,tt4426464,0,,-1,NA
Doctor Sleep,Doctor Sleep,2019,"Doctor Sleep is a movie starring Rebecca Ferguson, Jacob Tremblay, and Cliff Curtis. Years following the events of ""The Shining,"" a now-adult Dan Torrence meets a young girl with similar powers as his and tries to protect her from a...",https://www.imdb.com/video/imdb/vi2033761305,tt5606664,0,,-1,NA
Honey Boy,Honey Boy,2019,"Honey Boy is a movie starring Shia LaBeouf, Lucas Hedges, and Noah Jupe. From a screenplay by Shia LaBeouf, based on his own experiences, filmmaker Alma Har'el brings to life a young actor's stormy childhood and early adult years as...",https://www.imdb.com/video/imdb/vi308067353,tt8151874,6.1,100,-1,NA
Last Christmas,Last Christmas,2019,"Last Christmas is a movie starring Emilia Clarke, Michelle Yeoh, and Emma Thompson. Kate is a young woman subscribed to bad decisions. Her last date with disaster? That of having accepted to work as Santa's elf for a department...",NA,tt8623904,0,,-1,NA
Midway,Midway,2019,"Midway is a movie starring Luke Evans, Dennis Quaid, and Ed Skrein. The story of the Battle of Midway, told by the leaders and the sailors who fought it.",https://www.imdb.com/video/imdb/vi1647098905,tt6924650,0,,-1,NA
Playing With Fire,Playing with Fire,2019,"Playing with Fire is a movie starring Judy Greer, Brianna Hildebrand, and Keegan-Michael Key. A crew of rugged firefighters meet their match when attempting to rescue three rambunctious kids.",https://www.imdb.com/video/imdb/vi3540368409,tt9134216,0,,-1,NA
Charlie's Angels (2019),Charlie's Angels,2019,"Charlie's Angels is a movie starring Naomi Scott, Elizabeth Banks, and Kristen Stewart. Reboot of the 2000 action comedy based on the 1970s television series. A new generation of private detectives working for the mysterious Charlie.",https://www.imdb.com/video/imdb/vi1479326745,tt5033998,0,,-1,NA
Ford vs Ferrari,Ford v Ferrari,2019,"Ford v Ferrari is a movie starring Matt Damon, Christian Bale, and Caitriona Balfe. American car designer Carroll Shelby and driver Ken Miles battle corporate interference, the laws of physics and their own personal demons to build...",https://www.imdb.com/video/imdb/vi4173839385,tt1950186,0,,-1,NA
The Good Liar,The Good Liar,2019,"The Good Liar is a movie starring Helen Mirren, Ian McKellen, and Russell Tovey. Career con artist Roy Courtnay can hardly believe his luck when he meets well-to-do widow Betty McLeish online. As Betty opens her home and life to...",https://www.imdb.com/video/imdb/vi3962223641,tt5563334,0,,-1,NA
The Irishman,The Irishman,2019,"The Irishman is a movie starring Robert De Niro, Al Pacino, and Anna Paquin. A mob hitman recalls his possible involvement with the slaying of Jimmy Hoffa.",https://www.imdb.com/video/imdb/vi2119285785,tt1302006,0,,-1,NA
21 Bridges,21 Bridges,2019,"21 Bridges is a movie starring Sienna Miller, Taylor Kitsch, and Chadwick Boseman. A disgraced detective in the NYPD is given a shot at redemption.",https://www.imdb.com/video/imdb/vi3747658777,tt8688634,0,,-1,NA
A Beautiful Day in the Neighborhood,A Beautiful Day in the Neighborhood,2019,"A Beautiful Day in the Neighborhood is a movie starring Tom Hanks, Enrico Colantoni, and Matthew Rhys. Based on the true story of a real-life friendship between Fred Rogers and journalist Tom Junod.",https://www.imdb.com/video/imdb/vi2640624665,tt3224458,0,,-1,NA
Frozen 2,Frozen II,2019,"Frozen II is a movie starring Kristen Bell, Jonathan Groff, and Evan Rachel Wood. Anna, Elsa, Kristoff, Olaf and Sven leave Arendelle to travel to an ancient, autumn-bound forest of an enchanted land. They set out to find the origin...",https://www.imdb.com/video/imdb/vi2738076697,tt4520988,0,,-1,NA
The Rhythm Section,The Rhythm Section,2019,"The Rhythm Section is a movie starring Blake Lively, Jude Law, and Sterling K. Brown. A woman seeks revenge against those who orchestrated a plane crash that killed her family.",NA,tt7134096,0,,-1,NA
Knives Out,Knives Out,2019,"Knives Out is a movie starring Chris Evans, Ana de Armas, and Michael Shannon. A detective investigates the death of a patriarch of an eccentric, combative family.",https://www.imdb.com/video/imdb/vi622050329,tt8946378,0,,-1,NA
Queen and Slim,Queen & Slim,2019,"Queen & Slim is a movie starring Jodie Turner-Smith, Chloë Sevigny, and Daniel Kaluuya. A couple's first date takes an unexpected turn when a police officer pulls them over.",https://www.imdb.com/video/imdb/vi3713121305,tt8722346,0,,-1,NA
Playmobil The Movie,Playmobil: The Movie,2019,"Playmobil: The Movie is a movie starring Dino Andrade, Gabriel Bateman, and Ian James Corlett. Animated feature film inspired by the Playmobil brand toys.",https://www.imdb.com/video/imdb/vi4016421913,tt4199898,4.3,25,-1,NA
Portrait of a Lady on Fire,Portrait de la jeune fille en feu,2019,"Portrait de la jeune fille en feu is a movie starring Noémie Merlant, Adèle Haenel, and Luàna Bajrami. On an isolated island in Brittany at the end of the eighteenth century, a female painter is obliged to paint a wedding portrait...",https://www.imdb.com/video/imdb/vi2891693081,tt8613070,8.5,100,-1,NA
The Aeronauts,The Aeronauts,2019,"The Aeronauts is a movie starring Felicity Jones, Eddie Redmayne, and Himesh Patel. Pilot Amelia Wren (Felicity Jones) and scientist James Glaisher (Eddie Redmayne) find themselves in an epic fight for survival while attempting to...",NA,tt6141246,0,,-1,NA
The Boy 2,Brahms: The Boy II,2019,"Brahms: The Boy II is a movie starring Katie Holmes, Ralph Ineson, and Owain Yeoman. After a family moves into the Heelshire Mansion, their young son soon makes friends with a life-like doll called Brahms.",NA,tt9173418,0,,-1,NA
A Hidden Life,A Hidden Life,2019,"A Hidden Life is a movie starring August Diehl, Valerie Pachner, and Michael Nyqvist. The Austrian Blessed Franz Jägerstätter, a conscientious objector, refuses to fight for the Nazis in World War II.",NA,tt5827916,7.2,74,-1,NA
Black Christmas,Black Christmas,2019,"Black Christmas is a movie starring Cary Elwes, Imogen Poots, and Brittany O'Grady. A group of students are stalked by a stranger during their Christmas break. A remake of the 1974 horror film 'Black Christmas'.",NA,tt10481868,0,,-1,NA
Jumanji 2: The Next Level,Jumanji: The Next Level,2019,"Jumanji: The Next Level is a movie starring Dwayne Johnson, Karen Gillan, and Awkwafina. A team of friends return to Jumanji to rescue one of their own but discover that nothing is as they expect. The players need to brave parts...",https://www.imdb.com/video/imdb/vi840023065,tt7975244,0,,-1,NA
The Laundromat,The Laundromat,2019,"The Laundromat is a movie starring Meryl Streep, Gary Oldman, and Antonio Banderas. A widow investigates an insurance fraud, tracing worldwide leads to the mysterious Panama City-based financial network of lawyers Jürgen Mossack and...",NA,tt5865326,0,,-1,NA
Uncut Gems,Uncut Gems,2019,"Uncut Gems is a movie starring Adam Sandler, Julia Fox, and Kevin Garnett. Set in the diamond district of New York City, Howard Ratner, a jewelry store owner and dealer to the rich and famous, must find a way to pay his debts when...",NA,tt5727208,0,,-1,NA
Cats,Cats,2019,"Cats is a movie starring Idris Elba, Rebel Wilson, and Taylor Swift. A tribe of cats called the Jellicles must decide yearly which one will ascend to the Heaviside Layer and come back to a new Jellicle life.",https://www.imdb.com/video/imdb/vi2422258713,tt5697572,0,,B-,NA
Roger Ailes,NA,2019,NA,NA,NA,-1,,-1,NA
Star Wars: The Rise of Skywalker,Star Wars: The Rise of Skywalker,2019,"Star Wars: The Rise of Skywalker is a movie starring Domhnall Gleeson, Lupita Nyong'o, and Daisy Ridley. The surviving Resistance faces the First Order once more in the final chapter of the Skywalker saga.",https://www.imdb.com/video/imdb/vi2903293209,tt2527338,0,,-1,NA
Super-Intelligence,Superintelligence,2019,"Superintelligence is a movie starring Melissa McCarthy, Bobby Cannavale, and Jean Smart. Carol Peters' life is turned upside down when she is selected for observation by the world's first superintelligence - a form of artificial...",NA,tt7178640,0,,-1,NA
1917,1917,2019,"1917 is a movie starring Teresa Mahoney, Mark Strong, and Richard Madden. Two young British soldiers during the First World War, are given an impossible mission: deliver a message, deep in enemy territory, that will stop their own...",https://www.imdb.com/video/imdb/vi676641817,tt8579674,0,,-1,NA
Just Mercy,Just Mercy,2019,"Just Mercy is a movie starring Brie Larson, Michael B. Jordan, and Jamie Foxx. Just Mercy shadows world-renowned civil rights defense attorney Bryan Stevenson as he recounts his experiences and details the case of a condemned death...",NA,tt4916630,0,,-1,NA
Little Women (2019),Little Women,2019,"Little Women is a movie starring Florence Pugh, Emma Watson, and Timothée Chalamet. Four sisters come of age in America in the aftermath of the Civil War.",NA,tt3281548,0,,-1,NA
Spies In Disguise,Spies in Disguise,2019,"Spies in Disguise is a movie starring Karen Gillan, Tom Holland, and Will Smith. When the world's best spy is turned into a pigeon, he must rely on his nerdy tech officer to save the world.",https://www.imdb.com/video/imdb/vi2484255769,tt5814534,0,,-1,NA
American Hangman,American Hangman,2019,"American Hangman is a movie starring Donald Sutherland, Vincent Kartheiser, and Oliver Dennis. 2 men are chained up in a basement. The captor has cameras aimed at them and is streaming it on the internet - turning it into a ""trial""...",https://www.imdb.com/video/imdb/vi1751759385,tt8975028,5.9,50,-1,NA
Escape Room,Escape Room,2019,"Escape Room is a movie starring Taylor Russell, Logan Miller, and Jay Ellis. Six strangers find themselves in a maze of deadly mystery rooms and must use their wits to survive.",https://www.imdb.com/video/imdb/vi1755167257,tt5886046,6.3,49,B,NA
Great Great Great,The Great Hack,2019,"The Great Hack is a movie starring Brittany Kaiser, David Carroll, and Paul-Olivier Dehaye. The Cambridge Analytica scandal is examined through the roles of several affected persons.",https://www.imdb.com/video/imdb/vi2233318425,tt9358204,7.0,71,-1,NA
Mojin The Worm Valley,NA,2019,NA,NA,NA,-1,,-1,NA
Rust Creek,NA,2019,NA,NA,NA,-1,86,-1,NA
State Like Sleep,NA,2019,NA,NA,NA,-1,38,-1,NA
The Nun (1966),NA,2019,NA,NA,NA,-1,,-1,NA
A Dog's Way Home,A Dog's Way Home,2019,"A Dog's Way Home is a movie starring Ashley Judd, Jonah Hauer-King, and Edward James Olmos. A female dog travels four hundred miles in search of her owner throughout a Colorado wilderness.",https://www.imdb.com/video/imdb/vi1888795161,tt7616798,6.7,62,-1,NA
Ashes in the Snow,NA,2019,NA,NA,NA,-1,50,-1,NA
Perfect Strangers,NA,2019,NA,NA,NA,-1,80,-1,NA
Pledge,NA,2019,NA,NA,NA,-1,76,D,NA
Replicas,NA,2019,NA,NA,NA,-1,10,C,NA
Rockaway,NA,2019,NA,NA,NA,-1,43,-1,NA
Sgt. Will Gardner,SGT. Will Gardner,2019,"SGT. Will Gardner is a movie starring Max Martini, Omari Hardwick, and Lily Rabe. A troubled Iraq War veteran struggling to reintegrate into society sets out on a cross-country journey with the hope of reuniting with his young son.",https://www.imdb.com/video/imdb/vi3973036569,tt1650060,5.9,,-1,NA
Tall Tales from the Magical Garden of Antoon Krings,NA,2019,NA,NA,NA,-1,,-1,NA
The Aspern Papers,NA,2019,NA,NA,NA,-1,20,-1,NA
The Upside,NA,2019,NA,NA,NA,-1,40,-1,NA
They Shall Not Grow Old,NA,2019,NA,NA,NA,-1,100,-1,NA
Touch Me Not,Touch Me Not,2019,NA,NA,tt10165632,0,57,-1,NA
Dragon Ball Super Broly,NA,2019,NA,NA,NA,-1,83,-1,NA
The Heiresses,NA,2019,NA,NA,NA,-1,97,-1,NA
What Is Democracy?,NA,2019,NA,NA,NA,-1,95,-1,NA
Adult Life Skills,NA,2019,NA,NA,NA,-1,73,-1,NA
All These Small Moments,NA,2019,NA,NA,NA,-1,81,-1,NA
An Acceptable Loss,NA,2019,NA,NA,NA,-1,13,-1,NA
Canal Street,Národní trída,2019,"Národní trída is a movie starring Hynek Cermák, Katerina Janecková, and Jan Cina. Vandam lives in a concrete block building in the suburbs of Prague. He likes to get in fights, he likes ""teaching people a lesson"". Vandam is also...",NA,tt7697060,0,,-1,NA
Glass,Glass,2019,"Glass is a movie starring James McAvoy, Bruce Willis, and Samuel L. Jackson. Security guard David Dunn uses his supernatural abilities to track Kevin Wendell Crumb, a disturbed man who has twenty-four personalities.",https://www.imdb.com/video/imdb/vi768195097,tt6823368,6.7,37,B,NA
I Hate Kids,I Hate Kids,2019,"I Hate Kids is a movie starring Tom Everett Scott, Tituss Burgess, and Julian Feder. Nick, writer of ""I Hate Kids"", is getting married when 13 y.o. Mason claims to be his son. A psychic and DNA tests prove it. Mason was adopted and...",https://www.imdb.com/video/imdb/vi3476404761,tt5969180,6.2,13,-1,NA
The Untold Story,The Untold Story,2019,"The Untold Story is a movie starring Miko Hughes, Nia Peeples, and Jordan Ladd. Edward Forester's career and personal life have hit rock bottom-but not his spirit. At 64, the handsome bachelor moves in to a tiny apartment and must...",NA,tt3737840,7.4,,-1,NA
Who Will Write Our History,NA,2019,NA,NA,NA,-1,89,-1,NA
Extreme Job,Geukhanjikeob,2019,"Geukhanjikeob is a movie starring Myeong Gong, Lee Hanee, and Jun-seok Heo. A police undercover operation takes a delicious, unexpected turn.",https://www.imdb.com/video/imdb/vi671595033,tt9541602,7.2,83,-1,NA
In Like Flynn,NA,2019,NA,NA,NA,-1,48,-1,NA
Jihadists,Unmasking Jihadi John: Anatomy of a Terrorist,2019,NA,NA,tt10349958,7.5,50,-1,NA
King of Thieves,NA,2019,NA,NA,NA,-1,34,-1,NA
Serenity,Serenity,2019,"Serenity is a movie starring Matthew McConaughey, Anne Hathaway, and Diane Lane. A fishing boat captain juggles facing his mysterious past and finding himself ensnared in a reality where nothing is what it seems.",https://www.imdb.com/video/imdb/vi786872857,tt6476140,5.3,20,D+,NA
The Image Book,NA,2019,NA,NA,NA,-1,89,-1,NA
The Invisibles,NA,2019,NA,NA,NA,-1,70,A-,NA
The Kid Who Would Be King,The Kid Who Would Be King,2019,"The Kid Who Would Be King is a movie starring Louis Ashbourne Serkis, Denise Gough, and Dean Chaumoo. A band of kids embark on an epic quest to thwart a medieval menace.",https://www.imdb.com/video/imdb/vi2788866585,tt6811018,6.0,89,-1,NA
Tito and the Birds,NA,2019,NA,NA,NA,-1,89,-1,NA
The Gandhi Murder,Solar Eclipse: Depth of Darkness,2019,"Solar Eclipse: Depth of Darkness is a movie starring Stephen Lang, Luke Pasqualino, and Joseph K. Bevilacqua. The Gandhi Murder is a conspiracy theory period movie based on true events, that led to the eventual assassination of...",https://www.imdb.com/video/imdb/vi1306966553,tt4677244,6.6,,-1,NA
The Wild Pear Tree,Making of The Wild Pear Tree,2019,NA,NA,tt10688008,0,95,-1,NA
Arctic,Arctic Justice,2019,"Arctic Justice is a movie starring Jeremy Renner, James Franco, and Michael Madsen. Swifty the Arctic Fox works in the mailroom of the Arctic Blast Delivery Service but dreams of one day becoming a Top Dog (the Arctic's star husky...",https://www.imdb.com/video/imdb/vi4145331225,tt4426464,0,88,-1,NA
Daughter of Mine,Sesangeseo Jeil Yebbeun Nae Ddal,2019,NA,NA,tt9894134,6.8,82,-1,NA
Ek Ladki Ko Dekha Toh Aisa Laga,Ek Ladki Ko Dekha Toh Aisa Laga,2019,"Ek Ladki Ko Dekha Toh Aisa Laga is a movie starring Sonam Kapoor, Anil Kapoor, and Rajkummar Rao. Some love stories are not simple, Sweety's is one such story. She has to contend with her over-enthusiastic family that wants to get...",https://www.imdb.com/video/imdb/vi2231745049,tt8108164,5.5,73,-1,NA
Miss Bala (2019),Miss Bala,2019,"Miss Bala is a movie starring Gina Rodriguez, Thomas Dekker, and Vivian Chan. Gloria finds a power she never knew she had when she is drawn into a dangerous world of cross-border crime. Surviving will require all of her cunning,...",https://www.imdb.com/video/imdb/vi1503246873,tt5941692,5.6,,-1,NA
Piercing,NA,2019,NA,NA,NA,-1,71,-1,NA
Velvet Buzzsaw,Velvet Buzzsaw,2019,"Velvet Buzzsaw is a movie starring Jake Gyllenhaal, Rene Russo, and Zawe Ashton. A thriller set in the contemporary art world scene of Los Angeles, where big money artists and mega-collectors pay a high price when art collides with...",https://www.imdb.com/video/imdb/vi487701017,tt7043012,5.7,63,-1,NA
Peppa Celebrates Chinese New Year,Xiao zhu pei qi guo da nian,2019,"Xiao zhu pei qi guo da nian is a movie starring Yun Liu, Michelle Wai, and Yawen Zhu. Tang Yuan, Jiao Zi and their family enjoy Chinese New Year together, learning about traditions, and sharing Peppa Pig stories.",https://www.imdb.com/video/imdb/vi629127705,tt9629026,3.3,,-1,NA
Chokehold,Chokehold,2019,"Chokehold is a video starring Casper Van Dien, Melissa Croden, and Lochlyn Munro. Story of a woman who seeks revenge on the Russian Mob for the death of her father. She battles her way up in the underground mixed martial arts...",NA,tt5862172,3.4,,-1,NA
Cold Pursuit,Cold Pursuit,2019,"Cold Pursuit is a movie starring Liam Neeson, Laura Dern, and Micheál Richardson. A grieving snowplow driver seeks out revenge against the drug dealers who killed his son. Based on the 2014 Norwegian film 'In Order of Disappearance'.",https://www.imdb.com/video/imdb/vi2021964313,tt5719748,6.2,70,B-,NA
Everybody Knows,NA,2019,NA,NA,NA,-1,79,-1,NA
Holiday,NA,2019,NA,NA,NA,-1,80,A+,NA
Lords of Chaos,NA,2019,NA,NA,NA,-1,74,-1,NA
The Gospel of Eureka,NA,2019,NA,NA,NA,-1,79,-1,NA
The Lego Movie 2 The Second Part,The Lego Movie 2: The Second Part,2019,"The Lego Movie 2: The Second Part is a movie starring Chris Pratt, Elizabeth Banks, and Will Arnett. It's been five years since everything was awesome and the citizens are facing a huge new threat: Lego Duplo invaders from outer...",https://www.imdb.com/video/imdb/vi2788407833,tt3513498,6.7,85,-1,NA
The Man Who Killed Hitler and Then The Bigfoot,NA,2019,NA,NA,NA,-1,75,-1,NA
The Prodigy,The Prodigy,2019,"The Prodigy is a movie starring Taylor Schilling, Jackson Robert Scott, and Peter Mooney. A mother concerned about her young son's disturbing behavior thinks something supernatural may be affecting him.",https://www.imdb.com/video/imdb/vi3441932825,tt4504044,5.9,43,-1,NA
To Dust,NA,2019,NA,NA,NA,-1,88,-1,NA
Under The Eiffel Tower,NA,2019,NA,NA,NA,-1,47,-1,NA
Untogether,NA,2019,NA,NA,NA,-1,38,-1,NA
What Men Want,What Men Want,2019,"What Men Want is a movie starring Taraji P. Henson, Kristen Ledlow, and Josh Brener. A woman is boxed out by the male sports agents in her profession, but gains an unexpected edge over them when she develops the ability to hear...",https://www.imdb.com/video/imdb/vi259832345,tt7634968,5.0,44,A-,NA
Birds of Passage,NA,2019,NA,NA,NA,-1,96,-1,NA
Happy Death Day 2U,Happy Death Day 2U,2019,"Happy Death Day 2U is a movie starring Jessica Rothe, Israel Broussard, and Phi Vu. Tree Gelbman discovers that dying over and over was surprisingly easier than the dangers that lie ahead.",https://www.imdb.com/video/imdb/vi1092991513,tt8155288,6.2,69,B,NA
Isn't It Romantic,Isn't It Romantic,2019,"Isn't It Romantic is a movie starring Rebel Wilson, Liam Hemsworth, and Adam Devine. A young woman disenchanted with love mysteriously finds herself trapped inside a romantic comedy.",https://www.imdb.com/video/imdb/vi3347954201,tt2452244,5.9,69,-1,NA
Alita Battle Angel,Alita: Battle Angel,2019,"Alita: Battle Angel is a movie starring Rosa Salazar, Christoph Waltz, and Jennifer Connelly. A deactivated cyborg is revived, but cannot remember anything of her past life and goes on a quest to find out who she is.",https://www.imdb.com/video/imdb/vi3682056729,tt0437086,7.4,61,-1,NA
Fighting With My Family,Fighting with My Family,2019,"Fighting with My Family is a movie starring Dwayne Johnson, Lena Headey, and Vince Vaughn. A former wrestler and his family make a living performing at small venues around the country while his kids dream of joining World Wrestling...",https://www.imdb.com/video/imdb/vi1699789337,tt6513120,7.1,92,A-,NA
Nightmare Cinema,NA,2019,NA,NA,NA,-1,76,-1,NA
A Tuba to Cuba,NA,2019,NA,NA,NA,-1,100,-1,NA
Donnybrook,NA,2019,NA,NA,NA,-1,38,-1,NA
Hotel By The River,NA,2019,NA,NA,NA,-1,93,-1,NA
Patrick,NA,2019,NA,NA,NA,-1,36,-1,NA
"Ruben Brandt, Collector",NA,2019,NA,NA,NA,-1,81,-1,NA
Sorry Angel,NA,2019,NA,NA,NA,-1,82,-1,NA
How To Train Your Dragon The Hidden World,How to Train Your Dragon: The Hidden World,2019,"How to Train Your Dragon: The Hidden World is a movie starring Jay Baruchel, America Ferrera, and F. Murray Abraham. When Hiccup discovers Toothless isn't the only Night Fury, he must seek ""The Hidden World"", a secret Dragon Utopia...",https://www.imdb.com/video/imdb/vi1887746585,tt2386490,7.6,91,-1,NA
Prosecuting Evil,NA,2019,NA,NA,NA,-1,,-1,NA
Run the Race,NA,2019,NA,NA,NA,-1,40,-1,NA
The Iron Orchard,NA,2019,NA,NA,NA,-1,28,-1,NA
Total Dhamaal,Total Dhamaal,2019,"Total Dhamaal is a movie starring Ajay Devgn, Madhuri Dixit, and Anil Kapoor. A group of people learn about a hidden treasure and then they race to find it and claim it.",https://www.imdb.com/video/imdb/vi503691801,tt7639372,4.4,33,-1,NA
Styx,NA,2019,NA,NA,NA,-1,94,-1,NA
A Madea Family Funeral,A Madea Family Funeral,2019,"A Madea Family Funeral is a movie starring Tyler Perry, Cassi Davis, and Patrice Lovely. A joyous family reunion becomes a hilarious nightmare as Madea and the crew travel to backwoods Georgia, where they find themselves...",https://www.imdb.com/video/imdb/vi2171714073,tt7054636,4.3,,A-,NA
Apollo 11,Apollo 11,2019,"Apollo 11 is a movie starring Buzz Aldrin, Joan Ann Archer, and Janet Armstrong. A look at the Apollo 11 mission to land on the moon led by commander Neil Armstrong and pilots Buzz Aldrin and Michael Collins.",https://www.imdb.com/video/imdb/vi4178360857,tt8760684,8.3,99,-1,NA
Climax,NA,2019,NA,NA,NA,-1,71,-1,NA
Furie,Hai Phuong,2019,"Hai Phuong is a movie starring Jennifer Alyx, Lê Bình, and Pham Anh Khoa. Veronica Ngo stars as an ex-gangster who is lying low in the countryside after becoming a mother, but she can't escape her violent past when her daughter is...",https://www.imdb.com/video/imdb/vi2930228249,tt9412268,6.5,94,-1,NA
Giant Little Ones,NA,2019,NA,NA,NA,-1,92,-1,NA
Greta,NA,2019,NA,NA,NA,-1,60,C,NA
Joseph Pulitzer Voice of the People,NA,2019,NA,NA,NA,-1,75,-1,NA
Mapplethorpe,NA,2019,NA,NA,NA,-1,31,-1,NA
Saint Judy,NA,2019,NA,NA,NA,-1,58,-1,NA
Sharkwater Extinction,NA,2019,NA,NA,NA,-1,100,-1,NA
The Boy Who Harnessed the Wind,The Boy Who Harnessed the Wind,2019,"The Boy Who Harnessed the Wind is a movie starring Chiwetel Ejiofor, Maxwell Simba, and Felix Lemburo. A boy in Malawi helps his village by building a wind turbine after reading about them in a library book.",https://www.imdb.com/video/imdb/vi2114501145,tt7533152,7.6,85,-1,NA
The Sower,NA,2019,NA,NA,NA,-1,100,-1,NA
The Wedding Guest,NA,2019,NA,NA,NA,-1,42,-1,NA
Transit,Transitions,2019,"Transitions is a TV series starring Anwan Glover, Wali Johnson, and Michelle Harris. A realistic portrayal of mental illness and the opioid epidemic seen through the eyes of law enforcement, narco-traffickers and the mentally-ill,...",NA,tt10426326,8.5,95,-1,NA
Woman at War,NA,2019,NA,NA,NA,-1,97,-1,NA
Triple Frontier,Triple Frontier,2019,"Triple Frontier is a movie starring Ben Affleck, Oscar Isaac, and Charlie Hunnam. Loyalties are tested when five friends and former special forces operatives reunite to take down a South American drug lord, unleashing a chain of...",https://www.imdb.com/video/imdb/vi1516878361,tt1488606,6.5,72,-1,NA
Black Mother,NA,2019,NA,NA,NA,-1,100,-1,NA
Captain Marvel,Captain Marvel,2019,"Captain Marvel is a movie starring Brie Larson, Samuel L. Jackson, and Ben Mendelsohn. Carol Danvers becomes one of the universe's most powerful heroes when Earth is caught in the middle of a galactic war between two alien races.",https://www.imdb.com/video/imdb/vi4235180569,tt4154664,7.0,78,A,NA
Ferrante Fever,NA,2019,NA,NA,NA,-1,43,-1,NA
Gloria Bell,NA,2019,NA,NA,NA,-1,91,-1,NA
Loving Vincent The Impossible Dream,Loving Vincent: The Impossible Dream,2019,"Loving Vincent: The Impossible Dream is a TV movie starring Bartosz Armusiewicz, Sean M. Bobbitt, and Douglas Booth. A 60 minute documentary detailing the journey it took two passionate filmmakers to achieve their impossible dream,...",https://www.imdb.com/video/imdb/vi1993784345,tt9244638,8.7,,-1,NA
The Kid,The Kid,2019,"The Kid is a movie starring Jake Schur, Leila George, and Chris Pratt. The story of a young boy who witnesses Billy the Kid's encounter with Sheriff Pat Garrett.",https://www.imdb.com/video/imdb/vi3159472665,tt4975920,6.0,46,A-,NA
The Sex Trip,L.A.'s Finest: Behind the Scenes Extras,2019,"L.A.'s Finest: Behind the Scenes Extras is a TV series starring Gabrielle Union, Duane Martin, and Sophie Reynolds. The cast and crew of L.A.'s Finest provide a behind the scenes look at L.A.'s unique neighborhoods, cultures and...",NA,tt10685842,0,,-1,NA
Ash Is Purest White,NA,2019,NA,NA,NA,-1,99,-1,NA
Captive State,Captive State,2019,"Captive State is a movie starring John Goodman, Ashton Sanders, and Jonathan Majors. Set in a Chicago neighborhood nearly a decade after an occupation by an extraterrestrial force, 'Captive State' explores the lives on both sides of...",https://www.imdb.com/video/imdb/vi2127280665,tt5968394,6.2,44,C-,NA
Chimera Strain,NA,2019,NA,NA,NA,-1,60,-1,NA
"Faith, Hope and Love","Faith, Hope & Love",2019,"Faith, Hope & Love is a movie starring Peta Murgatroyd, Robert Krantz, and Michael Richards. Recent divorcee Faith enters a dance contest to save her dance studio, where she meets Jimmy Hope and rediscovers her faith and dreams.",NA,tt8310924,6.5,,-1,NA
Five Feet Apart,Five Feet Apart,2019,"Five Feet Apart is a movie starring Haley Lu Richardson, Cole Sprouse, and Moises Arias. A pair of teenagers with cystic fibrosis meet in a hospital and fall in love, though their disease means they must avoid close physical contact.",https://www.imdb.com/video/imdb/vi342276633,tt6472976,7.2,55,A,NA
Iceman,NA,2019,NA,NA,NA,-1,86,-1,NA
Knife+Heart,NA,2019,NA,NA,NA,-1,,-1,NA
Nancy Drew and the Hidden Staircase,Nancy Drew and the Hidden Staircase,2019,"Nancy Drew and the Hidden Staircase is a movie starring Sophia Lillis, Zoe Renee, and Mackenzie Graham. A bit of an outsider struggling to fit into her new surroundings, Nancy and her pals set out to solve a mystery, make new...",https://www.imdb.com/video/imdb/vi3882793497,tt8323104,5.7,67,-1,NA
No Manches Frida 2,No manches Frida 2,2019,"No manches Frida 2 is a movie starring Martha Higareda, Omar Chaparro, and Itatí Cantoral. Zequi tries to regain Lucy's love by bringing the school's team to victory.",https://www.imdb.com/video/imdb/vi249085209,tt9019352,4.0,13,-1,NA
Superpower Dogs,Superpower Dogs,2019,"Superpower Dogs is a movie starring Chris Evans, Max Ivutin, and Surf Dog Ricochet. Discover the life-saving superpowers and extraordinary bravery of some of the world's most remarkable dogs.",https://www.imdb.com/video/imdb/vi786021657,tt5629084,7.8,100,-1,NA
The Aftermath,The Aftermath,2019,"The Aftermath is a movie starring Keira Knightley, Ned Wills, and Pandora Colin. Post World War II, a British colonel and his wife are assigned to live in Hamburg during the post-war reconstruction, but tensions arise with the...",https://www.imdb.com/video/imdb/vi2649668121,tt5977276,6.3,27,-1,NA
The Hummingbird Project,NA,2019,NA,NA,NA,-1,58,-1,NA
The Mustang,The Mustang,2019,"The Mustang is a movie starring Matthias Schoenaerts, Jason Mitchell, and Bruce Dern. The story of Roman Coleman, a violent convict, who is given the chance to participate in a rehabilitation therapy program involving the training...",https://www.imdb.com/video/imdb/vi3905731097,tt5952594,6.9,93,-1,NA
Wonder Park,Wonder Park,2019,"Wonder Park is a movie starring Sofia Mali, Jennifer Garner, and Ken Hudson Campbell. Wonder Park tells the story of an amusement park where the imagination of a wildly creative girl named June comes alive.",https://www.imdb.com/video/imdb/vi1064811033,tt6428676,5.8,34,B+,NA
Yardie,NA,2019,NA,NA,NA,-1,56,-1,NA
Cruel Intentions 20th Anniversary Re-release,NA,2019,NA,NA,NA,-1,,-1,NA
Hotel Mumbai,NA,2019,NA,NA,NA,-1,77,-1,NA
Maze,NA,2019,NA,NA,NA,-1,100,B+,NA
Out of Blue,Meitantei Conan: Konjo no fisuto,2019,"Meitantei Conan: Konjo no fisuto is a movie starring Yu Asakawa, Kurt Common, and Ryan Drees. The world's greatest blue sapphire, the ""blue lapis fist"", said to have sunk in a pirate ship in the late 19th century, on the coasts of...",NA,tt9501310,6.9,36,-1,NA
Ramen Shop,NA,2019,NA,NA,NA,-1,85,-1,NA
Sunset,Selling Sunset,2019,"Selling Sunset is a TV series starring Romain Bonnet, Mary Fitzgerald, and Chrishell Hartley. The elite real estate brokers at The Oppenheim Group sell the luxe life to affluent buyers in LA. The drama ramps up when a new agent...",https://www.imdb.com/video/imdb/vi268418329,tt9817298,5.3,59,B,NA
The Highwaymen,The Highwaymen,2019,"The Highwaymen is a movie starring Kevin Costner, Woody Harrelson, and Kathy Bates. A pair of Texas Rangers come out of retirement to catch the infamous outlaws Bonnie and Clyde.",https://www.imdb.com/video/imdb/vi3060775449,tt1860242,7.0,57,-1,NA
Triple Threat,Triple Threat,2019,"Triple Threat is a movie starring Tony Jaa, Tiger Hu Chen, and Iko Uwais. A hit contract is taken out on a billionaire's daughter who is intent on bringing down a major crime syndicate. A down and out team of mercenaries must take...",https://www.imdb.com/video/imdb/vi3570383129,tt6643972,5.5,70,-1,NA
Us,Us,2019,"Us is a movie starring Lupita Nyong'o, Winston Duke, and Elisabeth Moss. A family's serene beach vacation turns to chaos when their doppelgängers appear and begin to terrorize them.",https://www.imdb.com/video/imdb/vi1333246489,tt6857112,7.0,94,A-,NA
Working Woman,NA,2019,NA,NA,NA,-1,97,-1,NA
Diane,NA,2019,NA,NA,NA,-1,93,-1,NA
Dumbo (2019),Dumbo,2019,"Dumbo is a movie starring Colin Farrell, Michael Keaton, and Danny DeVito. A young elephant, whose oversized ears enable him to fly, helps save a struggling circus, but when the circus plans a new venture, Dumbo and his friends...",https://www.imdb.com/video/imdb/vi2482814233,tt3861390,6.4,,-1,NA
Hail Satan?,Hail Satan?,2019,"Hail Satan? is a movie starring Jex Blackmore, Chalice Blythe, and Nicholas Crowe. A look at the quick rise and influence of the controversial religious group known as The Satanic Temple.",https://www.imdb.com/video/imdb/vi2052700697,tt9358044,7.1,97,-1,NA
Slut In a Good Way,NA,2019,NA,NA,NA,-1,100,-1,NA
The Beach Bum,The Beach Bum,2019,"The Beach Bum is a movie starring Matthew McConaughey, Snoop Dogg, and Isla Fisher. A rebellious stoner named Moondog lives life by his own rules.",https://www.imdb.com/video/imdb/vi1896200729,tt6511932,5.6,56,-1,NA
The Chaperone,NA,2019,NA,NA,NA,-1,44,-1,NA
Unplanned,Unplanned,2019,"Unplanned is a movie starring Ashley Bratcher, Brooks Ryan, and Robia Scott. All Abby Johnson ever wanted to do was help women. As one of the youngest Planned Parenthood clinic directors in the nation, she believed in a woman's...",https://www.imdb.com/video/imdb/vi846641689,tt9024106,6.0,42,A+,NA
Amazing Grace,NA,2019,NA,NA,NA,-1,99,-1,NA
Billboard,Billboard,2019,"Billboard is a movie starring Eric Roberts, Heather Matarazzo, and Darlene Cates. Times are tough, listener-ship is down and Casey needs to come up with a plan to save his radio station, WTYT 960, and fast! Casey's grand plan is to...",https://www.imdb.com/video/imdb/vi840940057,tt1713991,6.0,,-1,NA
High Life,NA,2019,NA,NA,NA,-1,83,-1,NA
Pet Sematary (2019),Pet Sematary,2019,"Pet Sematary is a movie starring Jason Clarke, Amy Seimetz, and John Lithgow. Dr. Louis Creed and his wife, Rachel, relocate from Boston to rural Maine with their two young children. The couple soon discover a mysterious burial...",https://www.imdb.com/video/imdb/vi266583321,tt0837563,5.8,,C+,NA
Peterloo,NA,2019,NA,NA,NA,-1,65,-1,NA
Shazam,Shazam!,2019,"Shazam! is a movie starring Zachary Levi, Mark Strong, and Asher Angel. We all have a superhero inside us, it just takes a bit of magic to bring it out. In Billy Batson's case, by shouting out one word - SHAZAM - this streetwise...",https://www.imdb.com/video/imdb/vi306231833,tt0448115,7.2,91,A,NA
Storm Boy,Storm Boy,2019,"Storm Boy is a movie starring Finn Little, Jai Courtney, and Geoffrey Rush. When Michael Kingley, a successful retired businessman starts to see images from his past that he can't explain, he's forced to remember his childhood and...",https://www.imdb.com/video/imdb/vi3237461273,tt3340446,6.9,66,-1,NA
The Best of Enemies,The Best of Enemies,2019,"The Best of Enemies is a movie starring Taraji P. Henson, Sam Rockwell, and Babou Ceesay. Civil rights activist Ann Atwater faces off against C.P. Ellis, Exalted Cyclops of the Ku Klux Klan, in 1971 Durham, North Carolina over the...",https://www.imdb.com/video/imdb/vi1569896985,tt4807408,6.9,53,-1,NA
Sauvage,NA,2019,NA,NA,NA,-1,92,-1,NA
After,After,2019,"After is a movie starring Josephine Langford, Hero Fiennes Tiffin, and Khadijha Red Thunder. A young woman falls for a guy with a dark secret and the two embark on a rocky relationship. Based on the novel by Anna Todd.",https://www.imdb.com/video/imdb/vi191412761,tt4126476,5.4,18,B,NA
Diamantino,NA,2019,NA,NA,NA,-1,89,-1,NA
Dogman,NA,2019,NA,NA,NA,-1,82,-1,NA
Girls of the Sun,NA,2019,NA,NA,NA,-1,44,-1,NA
Hellboy (2019),Hellboy,2019,"Hellboy is a movie starring David Harbour, Milla Jovovich, and Ian McShane. Based on the graphic novels by Mike Mignola, Hellboy, caught between the worlds of the supernatural and human, battles an ancient sorceress bent on revenge.",https://www.imdb.com/video/imdb/vi3294345753,tt2274648,5.2,,C,NA
Her Smell,Stop and Smell the Roses,2019,NA,NA,tt10319746,0,84,-1,NA
Little,Little Women,2019,"Little Women is a movie starring Florence Pugh, Emma Watson, and Timothée Chalamet. Four sisters come of age in America in the aftermath of the Civil War.",NA,tt3281548,0,46,B+,NA
Long Day's Journey Into Night,NA,2019,NA,NA,NA,-1,93,-1,NA
Mary Magdalene,NA,2019,NA,NA,NA,-1,46,-1,NA
Master Z: Ip Man Legacy,NA,2019,NA,NA,NA,-1,89,-1,NA
Mia and the White Lion,NA,2019,NA,NA,NA,-1,88,-1,NA
Missing Link,Missing Link,2019,"Missing Link is a movie starring Hugh Jackman, David Walliams, and Stephen Fry. Mr. Link recruits explorer Sir Lionel Frost to help find his long-lost relatives in the fabled valley of Shangri-La. Along with adventurer Adelina...",https://www.imdb.com/video/imdb/vi1563082009,tt6348138,6.8,89,B+,NA
Stockholm,NA,2019,NA,NA,NA,-1,68,-1,NA
Teen Spirit,NA,2019,NA,NA,NA,-1,72,-1,NA
Wild Nights With Emily,NA,2019,NA,NA,NA,-1,90,-1,NA
Breakthrough,Breakthrough,2019,"Breakthrough is a movie starring Marcel Ruiz, Topher Grace, and Sarah Constible. When her 14-year-old son drowns in a lake, a faithful mother prays for him to come back from the brink of death and be healed.",https://www.imdb.com/video/imdb/vi2244000281,tt7083526,5.9,60,A,NA
Penguins,Penguins,2019,"Penguins is a movie starring Ed Helms. A coming-of-age story about an Adélie penguin named Steve who joins millions of fellow males in the icy Antarctic spring on a quest to build a suitable nest, find a life partner and start a...",https://www.imdb.com/video/imdb/vi661633049,tt8080302,6.8,92,A,NA
Breaking Habits,NA,2019,NA,NA,NA,-1,38,-1,NA
Fast Color,The Last Color,2019,"The Last Color is a movie starring Neena Gupta, Rajeswar Khanna, and Aslam Shekh. The film is the screen adaptation of Chef Vikas Khanna's novel The Last Color, which follows the friendship between a young tight-rope walker and a...",NA,tt9602804,7.8,81,-1,NA
Little Woods,Little Women,2019,"Little Women is a movie starring Florence Pugh, Emma Watson, and Timothée Chalamet. Four sisters come of age in America in the aftermath of the Civil War.",NA,tt3281548,0,96,-1,NA
Naples in Veils,NA,2019,NA,NA,NA,-1,100,-1,NA
Rafiki,NA,2019,NA,NA,NA,-1,94,-1,NA
Red Joan,NA,2019,NA,NA,NA,-1,31,-1,NA
Stuck,NA,2019,NA,NA,NA,-1,50,B-,NA
The Curse of La Llorona,The Curse of La Llorona,2019,"The Curse of La Llorona is a movie starring Linda Cardellini, Raymond Cruz, and Patricia Velasquez. Ignoring the eerie warning of a troubled mother suspected of child endangerment, a social worker and her own small kids are soon...",https://www.imdb.com/video/imdb/vi3663903257,tt4913966,5.4,30,-1,NA
The Man Who Killed Don Quixote,NA,2019,NA,NA,NA,-1,62,-1,NA
Under The Silver Lake,NA,2019,NA,NA,NA,-1,57,-1,NA
Avengers Endgame,Avengers: Endgame,2019,"Avengers: Endgame is a movie starring Robert Downey Jr., Chris Evans, and Mark Ruffalo. After the devastating events of Avengers: Infinity War (2018), the universe is in ruins. With the help of remaining allies, the Avengers...",https://www.imdb.com/video/imdb/vi2163260441,tt4154796,8.6,94,-1,NA
Hesburgh,NA,2019,NA,NA,NA,-1,81,-1,NA
I Trapped The Devil,I Trapped the Devil,2019,"I Trapped the Devil is a movie starring Scott Poythress, AJ Bowen, and Susan Burke. A man descends into paranoia after trapping what he believes to be the devil in his basement, but things take a dark turn when his family...",https://www.imdb.com/video/imdb/vi2728901657,tt8708304,4.8,76,-1,NA
If The Dancer Dances,NA,2019,NA,NA,NA,-1,92,-1,NA
The White Crow,NA,2019,NA,NA,NA,-1,66,-1,NA
Ask Dr. Ruth,Ask Dr. Ruth,2019,"Ask Dr. Ruth is a movie starring Susan Brown, Jonathan Capehart, and Leora Einleger. Charting the incredible life of Dr. Ruth Westheimer, a Holocaust survivor who became America's most famous sex therapist.",https://www.imdb.com/video/imdb/vi3943873049,tt9353586,7.6,,-1,NA
Bolden,Bolden,2019,"Bolden is a movie starring Gary Carr, Erik LaRay Harvey, and Ian McShane. A mythical account of the life of Buddy Bolden, the first Cornet King of New Orleans.",https://www.imdb.com/video/imdb/vi4061838617,tt0858419,5.4,67,-1,NA
El Chicano,NA,2019,NA,NA,NA,-1,35,-1,NA
Long Shot,Long Shot,2019,"Long Shot is a movie starring Charlize Theron, Seth Rogen, and June Diane Raphael. Journalist Fred Flarsky reunites with his childhood crush, Charlotte Field, now one of the most influential women in the world. As she prepares to...",https://www.imdb.com/video/imdb/vi1734982169,tt2139881,7.0,81,B,NA
Non-Fiction,NA,2019,NA,NA,NA,-1,89,-1,NA
Quartet,NA,2019,NA,NA,NA,-1,46,-1,NA
The Intruder,The Intruder,2019,"The Intruder is a movie starring Michael Ealy, Meagan Good, and Dennis Quaid. A young married couple buys a beautiful house on several acres of land, only to find out that the man they bought it from refuses to let go of the...",https://www.imdb.com/video/imdb/vi512670745,tt6722030,5.5,31,B,NA
UglyDolls,UglyDolls,2019,"UglyDolls is a movie starring Kelly Clarkson, Nick Jonas, and Janelle Monáe. An animated adventure in which the free-spirited UglyDolls confront what it means to be different, struggle with a desire to be loved, and ultimately...",https://www.imdb.com/video/imdb/vi704560409,tt1946502,4.7,27,B+,NA
All Is True,NA,2019,NA,NA,NA,-1,71,-1,NA
Charlie Says,Charlie's Angels,2019,"Charlie's Angels is a movie starring Naomi Scott, Elizabeth Banks, and Kristen Stewart. Reboot of the 2000 action comedy based on the 1970s television series. A new generation of private detectives working for the mysterious Charlie.",https://www.imdb.com/video/imdb/vi1479326745,tt5033998,0,58,-1,NA
Detective Pikachu,Pokémon Detective Pikachu,2019,"Pokémon Detective Pikachu is a movie starring Ryan Reynolds, Justice Smith, and Kathryn Newton. In a world where people collect Pokémon to do battle, a boy comes across an intelligent talking Pikachu who seeks to be a detective.",https://www.imdb.com/video/imdb/vi3254238233,tt5884052,6.7,68,A-,NA
My Son,Di jiu tian chang,2019,"Di jiu tian chang is a movie starring Liya Ai, Jiang Du, and Zhao-Yan Guo-Zhang. Two married couples adjust to the vast social and economic changes taking place in China from the 1980s to the present.",NA,tt9581076,7.6,55,-1,NA
Poms,Poms,2019,"Poms is a movie starring Diane Keaton, Jacki Weaver, and Celia Weston. POMS is a comedy about a group of women who form a cheer leading squad at their retirement community, proving that you're never too old to 'bring it!'",https://www.imdb.com/video/imdb/vi1297201689,tt5125894,5.5,34,B+,NA
The Biggest Little Farm,NA,2019,NA,NA,NA,-1,91,-1,NA
The Hustle,The Hustle,2019,"The Hustle is a movie starring Anne Hathaway, Rebel Wilson, and Alex Sharp. Anne Hathaway and Rebel Wilson star as female scam artists, one low rent and the other high class, who team up to take down the men who have wronged them.",https://www.imdb.com/video/imdb/vi2275195929,tt1298644,5.3,14,-1,NA
The Serengeti Rules,NA,2019,NA,NA,NA,-1,100,-1,NA
Tolkien,Tolkien,2019,"Tolkien is a movie starring Nicholas Hoult, Lily Collins, and Colm Meaney. The formative years of the orphaned author J.R.R. Tolkien as he finds friendship, love and artistic inspiration among a group of fellow outcasts at school.",https://www.imdb.com/video/imdb/vi3958881305,tt3361792,6.9,51,-1,NA
A Shaun the Sheep Movie Farmageddon,A Shaun the Sheep Movie: Farmageddon,2019,"A Shaun the Sheep Movie: Farmageddon is a movie starring Justin Fletcher, John Sparkes, and Kate Harbour. When an alien with amazing powers crash-lands near Mossy Bottom Farm, Shaun the Sheep goes on a mission to shepherd the...",https://www.imdb.com/video/imdb/vi1242872857,tt6193408,0,,-1,NA
The Third Wife,NA,2019,NA,NA,NA,-1,89,-1,NA
A Dog's Journey,A Dog's Journey,2019,"A Dog's Journey is a movie starring Josh Gad, Dennis Quaid, and Kathryn Prescott. A dog finds the meaning of his own existence through the lives of the humans he meets.",https://www.imdb.com/video/imdb/vi722450969,tt8385474,7.4,49,-1,NA
Aniara,NA,2019,NA,NA,NA,-1,61,-1,NA
John Wick Chapter 3 - Parabellum,John Wick: Chapter 3 - Parabellum,2019,"John Wick: Chapter 3 - Parabellum is a movie starring Keanu Reeves, Halle Berry, and Ian McShane. Super-assassin John Wick is on the run after killing a member of the international assassin's guild, and with a $14 million price tag...",https://www.imdb.com/video/imdb/vi3203841305,tt6146586,7.9,,-1,NA
Photograph,Photograph,2019,"Photograph is a movie starring Nawazuddin Siddiqui, Sanya Malhotra, and Sachin Khedekar. A struggling street photographer in Mumbai, pressured to marry by his grandmother, convinces a shy stranger to pose as his fiancée. The pair...",https://www.imdb.com/video/imdb/vi2362948633,tt7778680,6.9,79,-1,NA
The Souvenir,The Souvenir,2019,"The Souvenir is a movie starring Neil Young, Tosin Cole, and Jack McMullen. A young film student in the early '80s becomes romantically involved with a complicated and untrustworthy man.",https://www.imdb.com/video/imdb/vi695122457,tt6920356,6.6,90,-1,NA
The Sun Is Also A Star,The Sun Is Also a Star,2019,"The Sun Is Also a Star is a movie starring Yara Shahidi, Anais Lee, and Charles Melton. A hopeless romantic ambivalent about his future in medical school falls for a hard-luck young woman who doesn't believe in love.",https://www.imdb.com/video/imdb/vi3262888473,tt6423362,5.5,51,-1,NA
Trial By Fire,NA,2019,NA,NA,NA,-1,61,-1,NA
The Tomorrow Man,The Tomorrow Man,2019,"The Tomorrow Man is a movie starring John Lithgow, Blythe Danner, and Derek Cecil. Ed Hemsler spends his life preparing for a disaster that may never come. Ronnie Meisner spends her life shopping for things she may never use. These...",https://www.imdb.com/video/imdb/vi455523353,tt8769848,5.4,44,-1,NA
Aladdin (2019),Aladdin,2019,"Aladdin is a movie starring Will Smith, Mena Massoud, and Naomi Scott. A kind-hearted street urchin and a power-hungry Grand Vizier vie for a magic lamp that has the power to make their deepest wishes come true.",https://www.imdb.com/video/imdb/vi3875453977,tt6139732,7.3,,A,NA
Booksmart,Booksmart,2019,"Booksmart is a movie starring Kaitlyn Dever, Beanie Feldstein, and Jessica Williams. On the eve of their high school graduation, two academic superstars and best friends realize they should have worked less and played more....",https://www.imdb.com/video/imdb/vi3196959769,tt1489887,7.4,97,B+,NA
Brightburn,Brightburn,2019,"Brightburn is a movie starring Elizabeth Banks, David Denman, and Jackson A. Dunn. What if a child from another world crash-landed on Earth, but instead of becoming a hero to mankind, he proved to be something far more sinister?",https://www.imdb.com/video/imdb/vi416660505,tt7752126,6.2,57,C+,NA
The Spy Behind Home Plate,The Spy Behind Home Plate,2019,"The Spy Behind Home Plate is a movie starring Bruce Adams, Elden Auker, and Brad Ausmus. Telling the story of Moe Berg, an enigmatic Jewish catcher during baseball's Golden Age who joined the Office of Strategic Services (OSS) to...",https://www.imdb.com/video/imdb/vi1161083929,tt10078290,6.9,74,-1,NA
Godzilla King of the Monsters,Godzilla: King of the Monsters,2019,"Godzilla: King of the Monsters is a movie starring Kyle Chandler, Vera Farmiga, and Millie Bobby Brown. The crypto-zoological agency Monarch faces off against a battery of god-sized monsters, including the mighty Godzilla, who...",https://www.imdb.com/video/imdb/vi1619573785,tt3741700,6.4,41,-1,NA
Ma,Ma,2019,"Ma is a movie starring Octavia Spencer, Diana Silvers, and Juliette Lewis. A lonely woman befriends a group of teenagers and decides to let them party at her house. Just when the kids think their luck couldn't get any better, things...",https://www.imdb.com/video/imdb/vi4025793817,tt7958736,5.8,54,C+,NA
Rocketman,Rocketman,2019,"Rocketman is a movie starring Taron Egerton, Jamie Bell, and Richard Madden. A musical fantasy about the fantastical human story of Elton John's breakthrough years.",https://www.imdb.com/video/imdb/vi1230289433,tt2066051,7.6,89,A-,NA
The Fall of the American Empire,NA,2019,NA,NA,NA,-1,59,-1,NA
Dark Phoenix,Dark Phoenix,2019,"Dark Phoenix is a movie starring James McAvoy, Michael Fassbender, and Jennifer Lawrence. Jean Grey begins to develop incredible powers that corrupt and turn her into a Dark Phoenix. Now the X-Men will have to decide if the life of...",https://www.imdb.com/video/imdb/vi1178778905,tt6565702,6.0,23,B-,NA
Late Night,Late Night,2019,"Late Night is a movie starring Emma Thompson, Mindy Kaling, and John Lithgow. A late night talk show host suspects that she may soon lose her long-running show.",https://www.imdb.com/video/imdb/vi1865858073,tt6107548,6.5,80,B+,NA
Pavarotti,Pavarotti,2019,"Pavarotti is a movie starring Spike Lee, Princess Diana, and Stevie Wonder. A look at the life and work of opera legend, Luciano Pavarotti.",https://www.imdb.com/video/imdb/vi1479916825,tt6964076,7.6,86,-1,NA
The Last Black Man in San Francisco,The Last Black Man in San Francisco,2019,"The Last Black Man in San Francisco is a movie starring Jimmie Fails, Jonathan Majors, and Danny Glover. A young man searches for home in the changing city that seems to have left him behind.",https://www.imdb.com/video/imdb/vi1660337433,tt4353250,7.8,93,-1,NA
The Secret Life of Pets 2,The Secret Life of Pets 2,2019,"The Secret Life of Pets 2 is a movie starring Patton Oswalt, Kevin Hart, and Harrison Ford. Continuing the story of Max and his pet friends, following their secret lives after their owners leave them for work or school each day.",https://www.imdb.com/video/imdb/vi3991911449,tt5113040,6.5,59,-1,NA
This One's for the Ladies,NA,2019,NA,NA,NA,-1,71,-1,NA
The Reports On Sarah And Saleem,NA,2019,NA,NA,NA,-1,96,-1,NA
5B,NA,2019,NA,NA,NA,-1,100,-1,NA
American Woman,American Woman,2019,"American Woman is a movie starring Hong Chau, Ellen Burstyn, and David Cubitt. Inspired by the headline-dominating kidnapping of heiress Patty Hearst in 1974, this atmospheric drama is a fictionalized re-imagining of her time in...",NA,tt9109492,6.6,63,-1,NA
Being Frank,NA,2019,NA,NA,NA,-1,33,-1,NA
In The Aisles,NA,2019,NA,NA,NA,-1,88,-1,NA
Men in Black International,Men in Black: International,2019,"Men in Black: International is a movie starring Chris Hemsworth, Tessa Thompson, and Kumail Nanjiani. The Men in Black have always protected the Earth from the scum of the universe. In this new adventure, they tackle their biggest...",https://www.imdb.com/video/imdb/vi1150073881,tt2283336,5.6,22,-1,NA
Shaft (2019),Shaft,2019,"Shaft is a movie starring Samuel L. Jackson, Jessie T. Usher, and Richard Roundtree. JJ Shaft, a cyber security expert with a degree from MIT, enlists his family's help to uncover the truth behind his best friend's untimely death.",https://www.imdb.com/video/imdb/vi4152146457,tt4463894,6.4,,A,NA
The Dead Don't Die,The Dead Don't Die,2019,"The Dead Don't Die is a movie starring Bill Murray, Adam Driver, and Tom Waits. The peaceful town of Centerville finds itself battling a zombie horde as the dead start rising from their graves.",https://www.imdb.com/video/imdb/vi870563097,tt8695030,6.0,54,-1,NA
Anna,Anna,2019,"Anna is a movie starring Sasha Luss, Helen Mirren, and Luke Evans. Beneath Anna Poliatova's striking beauty lies a secret that will unleash her indelible strength and skill to become one of the world's most feared government...",https://www.imdb.com/video/imdb/vi1982643481,tt7456310,6.6,25,B-,NA
Before Stonewall,NA,2019,NA,NA,NA,-1,90,-1,NA
Child's Play (2019),Child's Play,2019,"Child's Play is a movie starring Aubrey Plaza, Mark Hamill, and Brian Tyree Henry. A mother gives her 13-year-old son a toy doll for his birthday, unaware of its more sinister nature, he also kills people who disobeyed Andy.",https://www.imdb.com/video/imdb/vi1036827673,tt8663516,6.3,,-1,NA
The Quiet One,The Quiet One,2019,"The Quiet One is a movie starring Bill Wyman, Suzanne Accosta, and Tony Chapman. THE QUIET ONE offers a unique, never before revealed and behind-the-scenes look at the highs and lows of the life and career of Bill Wyman, former,...",https://www.imdb.com/video/imdb/vi700693529,tt5032364,6.8,69,-1,NA
Toni Morrison: The Pieces I Am,Toni Morrison: The Pieces I Am,2019,"Toni Morrison: The Pieces I Am is a movie starring Toni Morrison, Hilton Als, and Oprah Winfrey. This artful and intimate meditation on the legendary storyteller examines her life, her works and the powerful themes she has...",https://www.imdb.com/video/imdb/vi301382681,tt9358206,6.5,97,-1,NA
Toy Story 4,Toy Story 4,2019,"Toy Story 4 is a movie starring Tom Hanks, Tim Allen, and Annie Potts. When a new toy called ""Forky"" joins Woody and the gang, a road trip alongside old and new friends reveals how big the world can be for a toy.",https://www.imdb.com/video/imdb/vi1497349145,tt1979376,8.2,97,A,NA
Wild Rose,NA,2019,NA,NA,NA,-1,93,-1,NA
Annabelle Comes Home,Annabelle Comes Home,2019,"Annabelle Comes Home is a movie starring Vera Farmiga, Patrick Wilson, and Mckenna Grace. While babysitting the daughter of Ed and Lorraine Warren, a teenager and her friend unknowingly awaken an evil spirit trapped in a doll.",https://www.imdb.com/video/imdb/vi1272953881,tt8350360,6.2,65,B-,NA
The Chambermaid,NA,2019,NA,NA,NA,-1,100,-1,NA
Avengers Endgame Rerelease,Marvel Studios' Avengers: Endgame LIVE Red Carpet World Premiere,2019,"Marvel Studios' Avengers: Endgame LIVE Red Carpet World Premiere is a TV special starring Victoria Alonso, Linda Cardellini, and Don Cheadle. Whatever it takes. The grand conclusion to 22 films, Marvel Studios' ""Avengers: Endgame""...",NA,tt10240638,7.2,,-1,NA
Maiden,NA,2019,NA,NA,NA,-1,98,-1,NA
Ophelia,Ophelia,2019,NA,NA,tt10084952,0,59,-1,NA
The Other Side of Heaven 2 Fire of Faith,The Other Side of Heaven 2: Fire of Faith,2019,"The Other Side of Heaven 2: Fire of Faith is a movie starring Christopher Gorham, Natalie Medlock, and Russell Dixon. Missionary John H. Groberg returns to Tonga in the 1960s with his wife and their five young daughters. When their...",https://www.imdb.com/video/imdb/vi1200471065,tt8174450,5.5,71,-1,NA
The Other Story,NA,2019,NA,NA,NA,-1,67,-1,NA
The Queen,The Queen's Corgi,2019,"The Queen's Corgi is a movie starring Rusty Shackleford, Jo Wyatt, and Leo Barakat. The British monarch's (Dame Julie Walters') favorite dog gets lost from the palace and finds himself at a dog fight club. He then begins his long...",https://www.imdb.com/video/imdb/vi1332853273,tt6563576,4.7,94,-1,NA
This Changes Everything,Woodstock: 3 Days That Changed Everything,2019,NA,NA,tt10704336,0,82,-1,NA
Three Peaks,NA,2019,NA,NA,NA,-1,68,-1,NA
Yesterday,Yesterday,2019,"Yesterday is a movie starring Himesh Patel, Lily James, and Sophia Di Martino. A struggling musician realizes he's the only person on Earth who can remember The Beatles after waking up in an alternate timeline where they never...",https://www.imdb.com/video/imdb/vi1919203865,tt8079248,7.0,63,A-,NA
Midsommar,Midsommar,2019,"Midsommar is a movie starring Florence Pugh, Jack Reynor, and Vilhelm Blomgren. A couple travels to Sweden to visit a rural hometown's fabled mid-summer festival. What begins as an idyllic retreat quickly devolves into an...",https://www.imdb.com/video/imdb/vi1256832025,tt8772262,7.6,83,C+,NA
Spider-Man Far From Home,Spider-Man: Far from Home,2019,"Spider-Man: Far from Home is a movie starring Tom Holland, Samuel L. Jackson, and Jake Gyllenhaal. Following the events of Avengers: Endgame (2019), Spider-Man must step up to take on new threats in a world that has changed forever.",https://www.imdb.com/video/imdb/vi2600385561,tt6320628,7.9,90,-1,NA
Marianne &amp; Leonard: Words of Love,Marianne & Leonard: Words of Love,2019,"Marianne & Leonard: Words of Love is a movie starring Leonard Cohen, Judy Collins, and Ron Cornelius. An in-depth look at the relationship between the late musician Leonard Cohen and his Norwegian muse Marianne Ihlen.",https://www.imdb.com/video/imdb/vi4242193433,tt9358196,7.0,,-1,NA
The Cat Rescuers,NA,2019,NA,NA,NA,-1,91,-1,NA
The Return of Martin Guerre,NA,2019,NA,NA,NA,-1,100,-1,NA
A Faithful Man,NA,2019,NA,NA,NA,-1,74,-1,NA
Crawl,Crawl,2019,"Crawl is a movie starring Kaya Scodelario, Barry Pepper, and Morfydd Clark. A young woman, while attempting to save her father during a category 5 hurricane, finds herself trapped in a flooding house and must fight for her life...",https://www.imdb.com/video/imdb/vi922336281,tt8364368,6.6,83,B,NA
Sea of Shadows,Sea of Shadows,2019,"Sea of Shadows is a movie starring Romel Eduardo Ledezma Abaroa, Rafael Pacchiano Alamán, and Hector Capetillo. The vaquita, the world's smallest whale, is near extinction as its habitat is destroyed by Mexican cartels and Chinese...",NA,tt9326056,7.7,95,-1,NA
Stuber,Stuber,2019,"Stuber is a movie starring Dave Bautista, Kumail Nanjiani, and Mira Sorvino. A detective recruits his Uber driver into an unexpected night of adventure.",https://www.imdb.com/video/imdb/vi489536537,tt7734218,6.2,42,B,NA
Summer Night,Summer Night,2019,"Summer Night is a movie starring Justin Chatwin, Analeigh Tipton, and Lana Condor. A coming-of-age story about the complexities of young romantic relationships.",https://www.imdb.com/video/imdb/vi1776073753,tt7428820,4.7,55,B,NA
Sword of Trust,Sword of Trust,2019,"Sword of Trust is a movie starring Marc Maron, Jon Bass, and Michaela Watkins. Cynthia and Mary show up to collect Cynthia's inheritance from her deceased grandfather, but the only item she receives is an antique sword that was...",https://www.imdb.com/video/imdb/vi422624281,tt8484012,6.2,93,-1,NA
The Art of Self Defense,The Art of Self-Defense,2019,"The Art of Self-Defense is a movie starring Jesse Eisenberg, Alessandro Nivola, and Imogen Poots. A man is attacked at random on the street. He enlists at a local dojo, led by a charismatic and mysterious sensei, in an effort to...",https://www.imdb.com/video/imdb/vi332971033,tt7339248,7.4,83,-1,NA
The Farewell,The Farewell,2019,"The Farewell is a movie starring Awkwafina, Tzi Ma, and Diana Lin. A Chinese family discovers their grandmother has only a short while left to live and decide to keep her in the dark, scheduling a wedding to gather before she dies.",https://www.imdb.com/video/imdb/vi1239464985,tt8637428,8.2,99,-1,NA
Unstoppable,NA,2019,NA,NA,NA,-1,80,A-,NA
At War,Charité at War,2019,"Charité at War is a TV series starring Sarah Bauerett, Susanne Böwe, and Mala Emde. A German hospital in 1943 has to deal with the effects of WWII and the cruel policies of the Nazi regime.",NA,tt10383456,8.3,70,-1,NA
"Cassandro, the Exotico!",NA,2019,NA,NA,NA,-1,89,-1,NA
David Crosby Remember My Name,David Crosby: Remember My Name,2019,"David Crosby: Remember My Name is a movie starring David Crosby, Jackson Browne, and Jan Crosby. Meet David Crosby in this portrait of a man with everything but an easy retirement on his mind.",https://www.imdb.com/video/imdb/vi1629273113,tt5884004,6.4,94,-1,NA
Luz,Light of My Life,2019,"Light of My Life is a movie starring Anna Pniowsky, Casey Affleck, and Tom Bower. Parent and child journey through the outskirts of society a decade after a pandemic has wiped out half the world's population. As a father struggles...",https://www.imdb.com/video/imdb/vi560380953,tt6063090,6.6,86,-1,NA
Streetwise (1984),NA,2019,NA,NA,NA,-1,,-1,NA
The Lion King (2019),The Lion King,2019,"The Lion King is a movie starring Donald Glover, Beyoncé, and Seth Rogen. After the murder of his father, a young lion prince flees his kingdom only to learn the true meaning of responsibility and bravery.",https://www.imdb.com/video/imdb/vi3509369881,tt6105098,7.1,,-1,NA
Tiny: The Life of Erin Blackwell,NA,2019,NA,NA,NA,-1,,-1,NA
The Fighting Preacher,The Fighting Preacher,2019,NA,NA,tt9075778,7.6,,-1,NA
For Sama,For Sama,2019,"For Sama is a movie starring Hamza Al-Khateab, Sama Al-Khateab, and Waad Al-Khateab. FOR SAMA is both an intimate and epic journey into the female experience of war.",NA,tt9617456,8.7,100,-1,NA
Honeyland,Honeyland,2019,"Honeyland is a movie starring Hatidze Muratova, Nazife Muratova, and Hussein Sam. The last female beehunter in Europe must save the bees and return the natural balance in Honeyland, when a family of nomadic beekeepers invade her...",https://www.imdb.com/video/imdb/vi332184601,tt8991268,8.1,98,-1,NA
Mike Wallace Is Here,Mike Wallace Is Here,2019,"Mike Wallace Is Here is a movie starring Mike Wallace, Johnny Carson, and Mickey Cohen. A look at the career of 60 Minutes (1968) newsman, Mike Wallace.",https://www.imdb.com/video/imdb/vi3821321241,tt9353436,6.7,95,-1,NA
Once Upon A Time In Hollywood,Once Upon a Time ... in Hollywood,2019,"Once Upon a Time ... in Hollywood is a movie starring Leonardo DiCaprio, Brad Pitt, and Margot Robbie. A faded television actor and his stunt double strive to achieve fame and success in the film industry during the final years of...",https://www.imdb.com/video/imdb/vi1431682073,tt7131622,8.4,85,B,NA
The Ground Beneath My Feet,Der Boden unter den Füßen,2019,"Der Boden unter den Füßen is a movie starring Valerie Pachner, Pia Hierzegger, and Mavie Hörbiger. Lola controls her personal life with the same ruthless efficiency she uses to optimize profits in her job as a business consultant....",https://www.imdb.com/video/imdb/vi848149529,tt7902124,6.2,100,-1,NA
The Mountain,NA,2019,NA,NA,NA,-1,65,-1,NA
Jay Myself,NA,2019,NA,NA,NA,-1,92,-1,NA
Little Monsters,Little Monsters,2019,"Little Monsters is a movie starring Lupita Nyong'o, Josh Gad, and Stephen Peacocke. A washed-up musician teams up with a teacher and a kids show personality to protect young children from a sudden outbreak of zombies.",NA,tt7390588,5.9,93,-1,NA
Troop Zero,Troop Zero,2019,"Troop Zero is a movie starring Mckenna Grace, Allison Janney, and Viola Davis. In rural 1977 Georgia, a misfit girl dreams of life in outer space. When a competition offers her a chance to be recorded on NASA's Golden Record, she...",NA,tt2404465,7.7,73,-1,NA
Anthropocene The Human Epoch,NA,2019,NA,NA,NA,-1,91,-1,NA
Dilili in Paris,NA,2019,NA,NA,NA,-1,100,-1,NA
Anastasia (2019),Anastasia: Once Upon a Time,2019,"Anastasia: Once Upon a Time is a movie starring Brandon Routh, Donna Murphy, and Amiah Miller. Plot kept under wraps.",NA,tt7014356,0,,-1,NA
Mr. Jones,Mr. Jones,2019,"Mr. Jones is a movie starring James Norton, Vanessa Kirby, and Peter Sarsgaard. A Welsh journalist breaks the news in the western media of the famine in the Soviet Union in the early 1930s.",NA,tt6828390,6.6,,B-,NA
The Death and Life of John F. Donovan,NA,2019,NA,NA,NA,-1,,-1,NA
Eternal Beauty,NA,2019,NA,NA,NA,-1,,-1,NA
Run Sweetheart Run,NA,2019,NA,NA,NA,-1,,-1,NA
Waves,Waves,2019,"Waves is a movie starring Alexa Demie, Lucas Hedges, and Sterling K. Brown. Two young couples navigate through the emotional minefield of growing up and falling in love.",NA,tt8652728,0,,-1,NA
Shirley,NA,2019,NA,NA,NA,-1,,A-,NA
In Fabric,NA,2019,NA,NA,NA,-1,96,-1,NA
Falling,Art of Falling in Love,2019,"Art of Falling in Love is a TV movie starring Kimberly-Sue Murray, Josh Dean, and Kelly Bishop. An artist painting a mural on a new hospital wing falls for the project's architect but worries he may not want to be with her if she...",NA,tt9892388,4.9,,B,NA
Misbehavior,Gong hei bat poh,2019,"Gong hei bat poh is a movie starring Yat Ning Chan, Gigi Leung, and Dada Chan. Six girls and two boys often talk to one another in their mobile group chat, ""Pat Poh"". However, their friendship starts getting strained when various...",NA,tt9638206,5.4,,-1,NA
The Kill Team,The Kill Team,2019,"The Kill Team is a movie starring Alexander Skarsgård, Nat Wolff, and Adam Long. A young American soldier in Afghanistan is disturbed by his commanding officer's behavior and is faced with a moral dilemma.",NA,tt6196936,8.2,100,-1,NA
The Lodge,The Lodge,2019,"The Lodge is a movie starring Alicia Silverstone, Riley Keough, and Richard Armitage. A soon-to-be stepmom is snowed in with her fiancé's two children at a remote holiday village. Just as relations begin to thaw between the trio,...",https://www.imdb.com/video/imdb/vi2615196697,tt7347846,6.8,82,-1,NA
Polaroid,Polaroid,2019,"Polaroid is a movie starring Kathryn Prescott, Tyler Young, and Samantha Logan. High school loner Bird Fitcher has no idea what dark secrets are tied to the mysterious Polaroid vintage camera she stumbles upon, but it doesn't take...",https://www.imdb.com/video/imdb/vi198687001,tt5598292,5.1,,-1,NA
Normal People,Ordinary Love,2019,"Ordinary Love is a movie starring Liam Neeson, Lesley Manville, and David Wilmot. An extraordinary look at ordinary love.",NA,tt6012380,0,,-1,NA
The Silence (2019),The Silence,2019,"The Silence is a movie starring Stanley Tucci, Kiernan Shipka, and Miranda Otto. When the world is under attack from terrifying creatures who hunt their human prey by sound, 16-year old Ally Andrews (Kiernan Shipka), who lost her...",https://www.imdb.com/video/imdb/vi1675672857,tt7315484,5.2,,-1,NA
